﻿<?xml version="1.0" encoding="utf-8" ?><xml><Application Type="WebApp" AppKey="5f7bb00035ca1e3ac02c46388d95" Name="table_1 Pivot Table Report" HomePageName="table_1 Pivot Table Report" Version="33.043" AjaxEnabled="True" AllowParameters="Y" AllowCriteriaParameters="Y" UseAsyncDeployment="True" StyleTemplateId="1" LocalizationTemplateId="1"><SearchPage DataSourceType="Table" DataSourceName="table_1" Name="table_1 Pivot Table Report" RichHeader="False" RichFooter="False" AutoFocusInFirstField="False" GlobalOperator="AND" DisplayReport="AfterSubmission"><CriteriaRoot><CriteriaGroup Type="AND"><CriteriaItem CriteriaId="1" /><CriteriaItem CriteriaId="2" /><CriteriaItem CriteriaId="3" /><CriteriaItem CriteriaId="4" /></CriteriaGroup></CriteriaRoot><Section ColumnCount="1" FieldAlignment="LeftToRight" Type="MultiColumn" DisplayOrder="1"><Field ColumnName="user_id" DataType="NUMBER" DisplayOrder="1"><FieldMatch Label="user id" Type="Text Field" Unique="False" DisplayOrder="1" Editable="True" LabelOrientation="Left" Required="False" ComparisonType="=" MatchNull="N" Operator="OR" CriteriaId="1" DefaultValue="" Size="25" MaxLength="255" MinLength="0" /></Field><Field ColumnName="wishlist" DataType="STRING" DisplayOrder="2"><FieldMatch Label="wishlist" Type="Text Field" Unique="False" DisplayOrder="1" LabelOrientation="Left" Required="False" ComparisonType="=" MatchNull="N" Operator="OR" CriteriaId="2" DefaultValue="" Size="25" MaxLength="255" MinLength="0" /></Field><Field ColumnName="quantity" DataType="STRING" DisplayOrder="3"><FieldMatch Label="quantity" Type="Text Field" Unique="False" DisplayOrder="1" LabelOrientation="Left" Required="False" ComparisonType="=" MatchNull="N" Operator="OR" CriteriaId="3" DefaultValue="" Size="25" MaxLength="255" MinLength="0" /></Field><Field ColumnName="Book_name" DataType="STRING" DisplayOrder="4"><FieldMatch Label="Book name" Type="Text Field" Unique="False" DisplayOrder="1" LabelOrientation="Left" Required="False" ComparisonType="=" MatchNull="N" Operator="OR" CriteriaId="4" DefaultValue="" Size="25" MaxLength="255" MinLength="0" /></Field></Section><Pivot RichHeader="False" RichFooter="False" ApplyLabelsFormatting="True" EnableRowGrandTotal="True" EnableColumnGrandTotal="True" PivotFreezeColumnsCount="0" DinamicSorting="Label"><Columns><DisplayField ColumnName="Book_name" DataType="STRING" Label="Book_name" CollapsibleGroup="True" Collapsed="False" Order="Asc" DateTimeGroupFunc="" DisplayOrder="1"><SubTotals Type="Auto" /><Format Type="" /></DisplayField><DisplayField ColumnName="user_id" DataType="NUMBER" Label="user id" CollapsibleGroup="True" Collapsed="False" Order="Asc" DateTimeGroupFunc="" DisplayOrder="2"><SubTotals Type="Auto" /><Format Type="" /></DisplayField><DisplayField ColumnName="wishlist" DataType="STRING" Label="wishlist" CollapsibleGroup="True" Collapsed="False" Order="Asc" DateTimeGroupFunc="" DisplayOrder="3"><SubTotals Type="Auto" /><Format Type="" /></DisplayField><DisplayField ColumnName="quantity" DataType="STRING" Label="quantity" CollapsibleGroup="True" Collapsed="False" Order="Asc" DateTimeGroupFunc="" DisplayOrder="4"><SubTotals Type="Auto" /><Format Type="" /></DisplayField></Columns><Rows /><Values><DisplayField ColumnName="Book_name" DataType="STRING" Label="Book name" Function="COUNT" ShowAs="Normal" DisplayOrder="1"><Format /></DisplayField></Values></Pivot><SearchRecordsetPage RichHeader="False" RichFooter="False" Display="Tabular" ApplyLabelsFormatting="True" ColumnSortingType="Column" RowsPerPage="25" HideNumberOfRecords="False" ColumnSorting="True" JumpToPage="True" FreezeColumnsCount="0" DisplayColumns="1" TotalRows="" InlineAdd="False" Distinct="False" SearchAgainLink="True" /></SearchPage><Note /></Application></xml>